timestamp,level,service,message
2025-03-25T20:55:00,INFO,user-service,User login successful
2025-03-25T20:55:01,WARN,payment-service,Payment validation taking longer than expected
2025-03-25T20:55:02,ERROR,order-service,Failed to process order #12345
2025-03-25T20:55:03,INFO,inventory-service,Stock level updated for item SKU-789
2025-03-25T20:55:04,DEBUG,auth-service,Token validation completed
2025-03-25T20:55:05,INFO,email-service,Confirmation email sent successfully
2025-03-25T20:55:06,WARN,database-service,High CPU usage detected
2025-03-25T20:55:07,ERROR,api-gateway,Rate limit exceeded for client IP 192.168.1.100
2025-03-25T20:55:08,INFO,search-service,Search index updated
2025-03-25T20:55:09,DEBUG,cache-service,Cache invalidation completed
2025-03-25T20:55:10,INFO,user-service,New user registration completed
2025-03-25T20:55:11,WARN,payment-service,Retry attempt 2 for transaction TX-456
2025-03-25T20:55:12,ERROR,notification-service,Push notification delivery failed
2025-03-25T20:55:13,INFO,order-service,Order #12346 processed successfully
2025-03-25T20:55:14,DEBUG,auth-service,Session cleanup completed
2025-03-25T20:55:15,INFO,inventory-service,Daily inventory report generated
2025-03-25T20:55:16,WARN,email-service,Email delivery delayed
2025-03-25T20:55:17,ERROR,database-service,Connection pool exhausted
2025-03-25T20:55:18,INFO,api-gateway,New API version deployed
2025-03-25T20:55:19,DEBUG,search-service,Search optimization completed
2025-03-25T20:55:20,INFO,cache-service,Cache hit ratio: 95%
2025-03-25T20:55:21,WARN,user-service,Password reset attempt failed
2025-03-25T20:55:22,ERROR,payment-service,Payment gateway timeout
2025-03-25T20:55:23,INFO,notification-service,Batch notifications processed
2025-03-25T20:55:24,DEBUG,order-service,Order validation completed
2025-03-25T20:55:25,INFO,auth-service,New API key generated
2025-03-25T20:55:26,WARN,inventory-service,Low stock alert for SKU-790
2025-03-25T20:55:27,ERROR,email-service,Template rendering failed
2025-03-25T20:55:28,INFO,database-service,Database backup completed
2025-03-25T20:55:29,DEBUG,api-gateway,Request routing optimized
2025-03-25T20:55:30,INFO,search-service,New search algorithm deployed
2025-03-25T20:55:31,WARN,cache-service,Cache memory usage high
2025-03-25T20:55:32,ERROR,user-service,Database query timeout
2025-03-25T20:55:33,INFO,payment-service,Daily transaction report generated
2025-03-25T20:55:34,DEBUG,notification-service,Message queue cleaned
2025-03-25T20:55:35,INFO,order-service,Order #12347 shipped
2025-03-25T20:55:36,WARN,auth-service,Multiple failed login attempts
2025-03-25T20:55:37,ERROR,inventory-service,Inventory sync failed
2025-03-25T20:55:38,INFO,email-service,Weekly email digest sent
2025-03-25T20:55:39,DEBUG,database-service,Index optimization completed
2025-03-25T20:55:40,INFO,api-gateway,API documentation updated
2025-03-25T20:55:41,WARN,search-service,Search latency increased
2025-03-25T20:55:42,ERROR,cache-service,Cache corruption detected
2025-03-25T20:55:43,INFO,user-service,User profile updated
2025-03-25T20:55:44,DEBUG,payment-service,Payment reconciliation completed
2025-03-25T20:55:45,INFO,notification-service,New notification channel added
2025-03-25T20:55:46,WARN,order-service,Shipping delay detected
2025-03-25T20:55:47,ERROR,auth-service,Certificate expiration imminent
2025-03-25T20:55:48,INFO,inventory-service,Inventory count completed
2025-03-25T20:55:49,DEBUG,email-service,Email queue processed
2025-03-25T20:55:50,INFO,database-service,Schema update completed
2025-03-25T20:55:51,WARN,api-gateway,High latency detected
2025-03-25T20:55:52,ERROR,search-service,Search index corruption
2025-03-25T20:55:53,INFO,cache-service,Cache config updated
2025-03-25T20:55:54,DEBUG,user-service,User session cleanup
2025-03-25T20:55:55,INFO,payment-service,New payment method added
2025-03-25T20:55:56,WARN,notification-service,Notification delivery delayed
2025-03-25T20:55:57,ERROR,order-service,Order fulfillment failed
2025-03-25T20:55:58,INFO,auth-service,Security policy updated
2025-03-25T20:55:59,DEBUG,inventory-service,Stock reconciliation completed
2025-03-25T20:56:00,INFO,email-service,Email template updated
2025-03-25T20:56:01,WARN,database-service,Slow query detected
2025-03-25T20:56:02,ERROR,api-gateway,Invalid API key detected
2025-03-25T20:56:03,INFO,search-service,Search cache cleared
2025-03-25T20:56:04,DEBUG,cache-service,Cache warmup completed
2025-03-25T20:56:05,INFO,user-service,User preferences updated
2025-03-25T20:56:06,WARN,payment-service,Payment system maintenance
2025-03-25T20:56:07,ERROR,notification-service,Message broker connection lost
2025-03-25T20:56:08,INFO,order-service,Order #12348 received
2025-03-25T20:56:09,DEBUG,auth-service,Permission cache updated
2025-03-25T20:56:10,INFO,inventory-service,New product added
2025-03-25T20:56:11,WARN,email-service,SMTP server slow response
2025-03-25T20:56:12,ERROR,database-service,Deadlock detected
2025-03-25T20:56:13,INFO,api-gateway,Client certificate renewed
2025-03-25T20:56:14,DEBUG,search-service,Query optimization completed
2025-03-25T20:56:15,INFO,cache-service,Cache statistics generated
2025-03-25T20:56:16,WARN,user-service,Unusual login pattern detected
2025-03-25T20:56:17,ERROR,payment-service,Payment verification failed
2025-03-25T20:56:18,INFO,notification-service,System notifications cleared
2025-03-25T20:56:19,DEBUG,order-service,Order tracking updated
2025-03-25T20:56:20,INFO,auth-service,Role permissions updated
2025-03-25T20:56:21,WARN,inventory-service,Inventory threshold reached
2025-03-25T20:56:22,ERROR,email-service,Mail server connection failed
2025-03-25T20:56:23,INFO,database-service,Database maintenance completed
2025-03-25T20:56:24,DEBUG,api-gateway,Gateway rules updated
2025-03-25T20:56:25,INFO,search-service,Search ranking updated
2025-03-25T20:56:26,WARN,cache-service,Cache eviction rate high
2025-03-25T20:56:27,ERROR,user-service,User data synchronization failed
2025-03-25T20:56:28,INFO,payment-service,Payment gateway status: OK
2025-03-25T20:56:29,DEBUG,notification-service,Notification templates updated
2025-03-25T20:56:30,INFO,order-service,Daily order summary generated
2025-03-25T20:56:31,WARN,auth-service,Token expiration approaching
2025-03-25T20:56:32,ERROR,inventory-service,Supplier API connection failed
2025-03-25T20:56:33,INFO,email-service,Email campaign started
2025-03-25T20:56:34,DEBUG,database-service,Query cache optimized
2025-03-25T20:56:35,INFO,api-gateway,API metrics collected
2025-03-25T20:56:36,WARN,search-service,Search response time degraded
2025-03-25T20:56:37,ERROR,cache-service,Redis cluster error
2025-03-25T20:56:38,INFO,user-service,User audit log generated
2025-03-25T20:56:39,DEBUG,payment-service,Payment hooks updated